-- phpMyAdmin SQL Dump
-- version 5.2.1
-- https://www.phpmyadmin.net/
--
-- Host: 127.0.0.1
-- Generation Time: Feb 03, 2026 at 10:04 PM
-- Server version: 10.4.32-MariaDB
-- PHP Version: 8.2.12

SET SQL_MODE = "NO_AUTO_VALUE_ON_ZERO";
START TRANSACTION;
SET time_zone = "+00:00";


/*!40101 SET @OLD_CHARACTER_SET_CLIENT=@@CHARACTER_SET_CLIENT */;
/*!40101 SET @OLD_CHARACTER_SET_RESULTS=@@CHARACTER_SET_RESULTS */;
/*!40101 SET @OLD_COLLATION_CONNECTION=@@COLLATION_CONNECTION */;
/*!40101 SET NAMES utf8mb4 */;

--
-- Database: `weightlanka`
--

-- --------------------------------------------------------

--
-- Table structure for table `battery_grn`
--

CREATE TABLE `battery_grn` (
  `id` int(10) UNSIGNED NOT NULL,
  `grn_date` date NOT NULL,
  `qty_4v` int(11) DEFAULT 0,
  `batch_4v` varchar(50) DEFAULT NULL,
  `cost_4v` decimal(10,2) DEFAULT 0.00,
  `qty_6v` int(11) DEFAULT 0,
  `batch_6v` varchar(50) DEFAULT NULL,
  `cost_6v` decimal(10,2) DEFAULT 0.00,
  `created_at` timestamp NOT NULL DEFAULT current_timestamp()
) ENGINE=InnoDB DEFAULT CHARSET=utf8mb4 COLLATE=utf8mb4_unicode_ci;

-- --------------------------------------------------------

--
-- Table structure for table `battery_sales`
--

CREATE TABLE `battery_sales` (
  `id` int(10) UNSIGNED NOT NULL,
  `sale_date` date NOT NULL,
  `qty_4v` int(11) DEFAULT 0,
  `batch_4v` varchar(50) DEFAULT NULL,
  `qty_6v` int(11) DEFAULT 0,
  `batch_6v` varchar(50) DEFAULT NULL,
  `invoice_no` varchar(50) DEFAULT NULL,
  `customer_details` varchar(255) DEFAULT NULL,
  `sale_price` decimal(10,2) DEFAULT 0.00,
  `remarks` varchar(255) DEFAULT NULL,
  `created_at` timestamp NOT NULL DEFAULT current_timestamp()
) ENGINE=InnoDB DEFAULT CHARSET=utf8mb4 COLLATE=utf8mb4_unicode_ci;

-- --------------------------------------------------------

--
-- Table structure for table `cash_book`
--

CREATE TABLE `cash_book` (
  `id` int(10) UNSIGNED NOT NULL,
  `transaction_date` date NOT NULL,
  `description` varchar(255) NOT NULL,
  `income` decimal(10,2) DEFAULT 0.00,
  `expense` decimal(10,2) DEFAULT 0.00,
  `created_at` timestamp NOT NULL DEFAULT current_timestamp()
) ENGINE=InnoDB DEFAULT CHARSET=utf8mb4 COLLATE=utf8mb4_unicode_ci;

-- --------------------------------------------------------

--
-- Table structure for table `customers`
--

CREATE TABLE `customers` (
  `id` int(10) UNSIGNED NOT NULL,
  `full_name` varchar(255) DEFAULT NULL,
  `address` varchar(255) DEFAULT NULL,
  `location` varchar(120) DEFAULT NULL,
  `tel` varchar(20) DEFAULT NULL,
  `id_no` varchar(30) DEFAULT NULL,
  `created_at` timestamp NOT NULL DEFAULT current_timestamp(),
  `updated_at` timestamp NOT NULL DEFAULT current_timestamp() ON UPDATE current_timestamp()
) ENGINE=InnoDB DEFAULT CHARSET=utf8mb4 COLLATE=utf8mb4_unicode_ci;

--
-- Dumping data for table `customers`
--

INSERT INTO `customers` (`id`, `full_name`, `address`, `location`, `tel`, `id_no`, `created_at`, `updated_at`) VALUES
(12, 'T.Banda', 'Bus Stand', 'Hambanthota', '0760511507', '695200544V', '2026-02-03 20:37:41', '2026-02-03 20:37:41'),
(13, 'M.P.Asanka', 'Vegi shop,Market', 'Hungama', '0719440926', '761907242V', '2026-02-03 20:37:41', '2026-02-03 20:37:41'),
(14, 'P.K.A.Priyangika Wasanthi', 'Madushanka St,Mulana', 'Hungama', '0712465698', '896332732V', '2026-02-03 20:37:41', '2026-02-03 20:37:41'),
(15, 'C.Gunasekara', 'Gunasekara St,Mulana', 'Hungama', '0717820530', '596110673V', '2026-02-03 20:37:41', '2026-02-03 20:37:41'),
(16, 'J.A.Suranga Pradeep', 'Nelumpura', 'Mamadala', '0779557372', '863314496V', '2026-02-03 20:37:41', '2026-02-03 20:37:41'),
(17, 'A.P.Neel Jayantha', 'Abeysooriya Welanda Sala,Yaya 09', 'Mamadala', '0774905159', '196230003264', '2026-02-03 20:37:41', '2026-02-03 20:37:41'),
(18, 'I.R.Rajapaksha', 'Rajapaksha HW & St,Hathagala', 'Hungama', '0703182216', '942021259V', '2026-02-03 20:37:41', '2026-02-03 20:37:41'),
(19, 'J.O.A.Nuwan', 'Kesel waththe Kade,Deniya,Hathagala', 'Hungama', '0711773926', '19822952780', '2026-02-03 20:37:41', '2026-02-03 20:37:41'),
(20, 'Premadasa Witharana', 'Gamage St,Mandagala Rd,Lunama', 'Ambalanthota', '0776569343', '570050263V', '2026-02-03 20:37:41', '2026-02-03 20:37:41'),
(21, 'Wilshan Sri Warnasinghe', 'Wiyath St,Dalugahahena Rd,Lunama', 'Ambalanthota', '0712624425', '921490283V', '2026-02-03 20:37:41', '2026-02-03 20:37:41'),
(22, 'A.R.Wagarchchi', 'Wagarchchi Oil Center,Lunama', 'Ambalanthota', '0717394979', '951070661V', '2026-02-03 20:37:41', '2026-02-03 20:37:41'),
(23, 'U.P.Premalal', 'Lal St,No.15,Jana Udanagama,Lunama', 'Ambalanthota', '0713142413', '511100607V', '2026-02-03 20:37:41', '2026-02-03 20:37:41'),
(24, 'Sub Post Office', 'Nonagama Junction', 'Nonagama', '0472223286', NULL, '2026-02-03 20:37:41', '2026-02-03 20:37:41'),
(25, 'H.H.Mahesh', 'Sithurasa St,Wawa Rd,Nonagama', 'Ambalanthota', '0774636992', '843624553V', '2026-02-03 20:37:41', '2026-02-03 20:37:41'),
(26, 'Matara Feeland', 'Ambalanthota Branch', 'Ambalanthota', '0742642620', NULL, '2026-02-03 20:37:41', '2026-02-03 20:37:41'),
(27, 'W.A.K.Bandula Dayawansha', 'Wanniarachchi St,Baragama Rd', 'Ambalanthota', NULL, NULL, '2026-02-03 20:37:41', '2026-02-03 20:37:41'),
(28, 'C.H.A.C.Samantha', 'Chandana hotel & Grocery,Baragama Rd', 'Ambalanthota', '0713377516', '722603271V', '2026-02-03 20:37:41', '2026-02-03 20:37:41'),
(29, 'Keerthi Munasinghe', 'Singhe Pawing Center', 'Ambalanthota', '0472225064', '198160600532', '2026-02-03 20:44:10', '2026-02-03 20:44:10'),
(30, 'R.Kumara', 'Biththara kade,Walawa', 'Ambalanthota', '0775140830', '763132048V', '2026-02-03 20:44:10', '2026-02-03 20:44:10'),
(31, 'K.K.Premalal', 'Sriyani St,Sisilas gama', 'Hambanthota', '0777540328', '653490062V', '2026-02-03 20:44:10', '2026-02-03 20:44:10'),
(32, 'Sujith Kumara', 'Green Island Bakers,No.26,Chithragala', 'Ambalanthota', '0766170009', '197607601419', '2026-02-03 20:44:10', '2026-02-03 20:44:10'),
(33, 'H.T.Shanthasiri', 'Nilmini St,Mirijjawila', 'Hambanthota', '0716630937', '197204403368', '2026-02-03 20:44:10', '2026-02-03 20:44:10'),
(34, 'K.H.A.Ishika', 'Indika Kalu Dodol,No.08,Siribopura', 'Hambanthota', '0719434367', '817501753V', '2026-02-03 20:44:10', '2026-02-03 20:44:10'),
(35, 'M.M.Harshana', 'Nilan Food City,Mayurapura', 'Hambanthota', '0760594957', '818393636V', '2026-02-03 20:44:10', '2026-02-03 20:44:10'),
(36, 'P.K.Milan', 'Prayam Super,Siribopura', 'Hambanthota', '0766740083', '880220104V', '2026-02-03 20:44:10', '2026-02-03 20:44:10'),
(37, 'K.Munasinghe', 'Singhe Pawing Center,No.29/2', 'Hambanthota', '0472220372', '196508800366', '2026-02-03 20:44:10', '2026-02-03 20:44:10'),
(38, 'J.M.Nayana Shyamali', 'Madu rasa St,10/2,Baddewela', 'Hambanthota', '0759132672', '196873102449', '2026-02-03 20:44:10', '2026-02-03 20:44:10'),
(39, 'R.H.M.Dinesh', 'Vegi Shop,Baddewela', 'Hambanthota', '0761711959', '891744994V', '2026-02-03 20:44:10', '2026-02-03 20:44:10'),
(40, 'M.A.M.Tasneem', 'Ruhunu Farm Shop,Melekolaniya', 'Ambalanthota', '0705782201', '931641492V', '2026-02-03 20:44:10', '2026-02-03 20:44:10'),
(41, 'Anura Bandara', 'Vegi Shop,Seetharama Pansala Asala,Sisiliyagama', 'Hambanthota', '0778117620', '733523620V', '2026-02-03 20:44:10', '2026-02-03 20:44:10'),
(42, 'Onari Vee Mola', 'No.11,Lewaya Egodaha', 'Hambanthota', '0706060620', '863510279V', '2026-02-03 20:44:10', '2026-02-03 20:44:10'),
(43, 'Pasindu St', 'No.41,Sarodagawa', 'Hambanthota', '0771039438', '793443196V', '2026-02-03 20:44:10', '2026-02-03 20:44:10'),
(44, 'Lanka Sathosa', '', 'Hambanthota', '0472222379', '197025501517', '2026-02-03 20:44:10', '2026-02-03 20:44:10'),
(45, 'C.Liyanage', 'Food & Bio Tech,Kandedola', 'Rathanapala', '0773630652', '732361815V', '2026-02-03 20:47:19', '2026-02-03 20:47:19'),
(46, 'H.A.Saman', 'Galgamuwa St,Maraba Rd', 'Rathanapala', '0775607348', '750611385V', '2026-02-03 20:47:19', '2026-02-03 20:47:19'),
(47, 'M.A.Sunil', 'Fruit Shop,Old Audugama Rd', 'Rathanapala', '0774618790', '651263328V', '2026-02-03 20:47:19', '2026-02-03 20:47:19'),
(48, 'P.R.Wijesinghe', 'Shalika HW', 'Rathanapala', '0718693080', '832822003V', '2026-02-03 20:47:19', '2026-02-03 20:47:19'),
(49, 'H.M.Dayananda', 'Thulana,Siyabalagaha Junction', 'Rathanapala', '0724588840', '701511868V', '2026-02-03 20:47:19', '2026-02-03 20:47:19'),
(50, 'M.A.S.R.Gamage', 'Double Cool Spot', 'Rathanapala', '0702110025', '812632559V', '2026-02-03 20:47:19', '2026-02-03 20:47:19'),
(51, 'A.H.U.S.Susantha', 'Win set St,Udakandawala', 'Rathanapala', '0716634342', '842240248V', '2026-02-03 20:47:19', '2026-02-03 20:47:19'),
(52, 'S.D.Somawathie', 'Mudalirama St,Kalukanda', 'Rathanapala', '0777938338', '636671842V', '2026-02-03 20:47:19', '2026-02-03 20:47:19'),
(53, 'H.W.Jayamang', 'Jayakody St,Rammalgoda', 'Rathanapala', '0779262064', NULL, '2026-02-03 20:47:19', '2026-02-03 20:47:19'),
(54, 'K.P.P.Silva', 'Silva Stores,Udakandawala', 'Rathanapala', '0718228228', '843152600V', '2026-02-03 20:47:19', '2026-02-03 20:47:19'),
(55, 'S.Nyangama', 'Sarasi Stores,Walanagala', 'Embilipitiya', '0768224564', '920812425V', '2026-02-03 20:47:19', '2026-02-03 20:47:19'),
(56, 'I.Chamika Iswan Kumanayake', 'Iswan St,Weeraketiya Rd', 'Kekanadura', '0702812586', '700862260V', '2026-02-03 20:47:19', '2026-02-03 20:47:19'),
(57, 'M.A.Dimuthu', 'Imalsha Produce', 'Walasmulla', '0716187515', '198614400969', '2026-02-03 20:47:19', '2026-02-03 20:47:19'),
(58, 'H.G.Premarathne', 'Isuru St,Galdola', 'Rathanapala', '0711685890', '531343171V', '2026-02-03 20:47:19', '2026-02-03 20:47:19'),
(59, 'G.W.H.N.Lakmali', 'Lakmali Hotel,Galdola', 'Rathanapala', '0766347949', '935510694V', '2026-02-03 20:47:19', '2026-02-03 20:47:19'),
(60, 'Saman Bandara', 'Damini Fruit,Dambuldeniya', 'Walasmulla', '0774119438', '0774119438', '2026-02-03 20:47:19', '2026-02-03 20:47:19'),
(61, 'R.Chaminda', 'Chaminda St,BookKey,Near the Bridge', 'Walasmulla', '0771330828', '891942534V', '2026-02-03 20:47:19', '2026-02-03 20:47:19'),
(62, 'P.Abesinghe', 'P.P.M.Distributors', 'Walasmulla', '0702660050', NULL, '2026-02-03 20:47:19', '2026-02-03 20:47:19'),
(63, 'J.Indrasena', 'Gammadda St,Pasmeliyaya Factory', 'Walasmulla', '0713898089', '622020291V', '2026-02-03 20:47:19', '2026-02-03 20:47:19'),
(64, 'T.Priyantha', 'Priyantha St', 'Walasmulla', '0713439408', '196807800164', '2026-02-03 20:47:19', '2026-02-03 20:47:19'),
(65, 'A.T.Priyanthe', 'Priyantha St', 'Walasmulla', '0713439408', '196807800164', '2026-02-03 20:47:19', '2026-02-03 20:47:19'),
(66, 'U.G.Kanthi', 'Nimsara Tea Room,Kanu Mamwatha', 'Walasmulla', '0764713065', '745811590V', '2026-02-03 20:47:19', '2026-02-03 20:47:19'),
(67, 'G.Sudth Sena', 'Tea Room', 'Walasmulla', '0763955610', '795744722V', '2026-02-03 20:47:19', '2026-02-03 20:47:19'),
(68, 'K.Geethal', 'Mihira St,Near Hospital,Mawattha Junction', 'Walasmulla', '0713506941', '198931900049', '2026-02-03 20:47:19', '2026-02-03 20:47:19'),
(69, 'B.G.Buddhika', 'Ayesha St,Parapaliya', 'Walasmulla', '0718507042', '197317601977', '2026-02-03 20:47:19', '2026-02-03 20:47:19'),
(70, 'K.G.Hemachandra', 'Sandagiri St,Rathmaldeniya,Juleampitiya', 'Walasmulla', '0713917409', '632603826V', '2026-02-03 20:47:19', '2026-02-03 20:47:19'),
(71, 'Customer (Kotapola)', 'Kotapola', 'Kotapola', '0716454500', '750721621V', '2026-02-03 20:56:07', '2026-02-03 20:56:07'),
(72, 'Customer (Kotapola)', 'Kotapola', 'Kotapola', '0776007348', '753661980V', '2026-02-03 20:56:07', '2026-02-03 20:56:07'),
(73, 'Customer (Kotapola)', 'Kotapola', 'Kotapola', '0710351280', '652313329V', '2026-02-03 20:56:07', '2026-02-03 20:56:07'),
(74, 'Customer (Kotapola)', 'Kotapola', 'Kotapola', '0726826830', '850821585V', '2026-02-03 20:56:07', '2026-02-03 20:56:07'),
(75, 'Customer (Kotapola)', 'Kotapola', 'Kotapola', '0710540840', '703333968V', '2026-02-03 20:56:07', '2026-02-03 20:56:07'),
(76, 'Customer (Kotapola)', 'Kotapola', 'Kotapola', '0760833075', '823610130V', '2026-02-03 20:56:07', '2026-02-03 20:56:07'),
(77, 'Customer (Kotapola)', 'Kotapola', 'Kotapola', '0775209292', '682280298V', '2026-02-03 20:56:07', '2026-02-03 20:56:07'),
(78, 'Customer (Kotapola)', 'Kotapola', 'Kotapola', '0767866239', '696030340V', '2026-02-03 20:56:07', '2026-02-03 20:56:07'),
(79, 'Customer (Kotapola)', 'Kotapola', 'Kotapola', '0772042034', '-', '2026-02-03 20:56:07', '2026-02-03 20:56:07'),
(80, 'Customer (Kotapola)', 'Kotapola', 'Kotapola', '0718250075', '860104806V', '2026-02-03 20:56:07', '2026-02-03 20:56:07'),
(81, 'Customer (Bengamuwa)', 'Bengamuwa', 'Bengamuwa', '0705247281', '500552743V', '2026-02-03 20:56:07', '2026-02-03 20:56:07'),
(82, 'Customer (Kosmodara)', 'Kosmodara', 'Kosmodara', '0766932969', '788835450V', '2026-02-03 20:56:07', '2026-02-03 20:56:07'),
(83, 'Customer (Mologgamuwa)', 'Mologgamuwa', 'Mologgamuwa', '0766869386', '198621910060', '2026-02-03 20:56:07', '2026-02-03 20:56:07'),
(84, 'Customer (Kotapola)', 'Kotapola', 'Kotapola', '0714370769', '571526575V', '2026-02-03 20:56:07', '2026-02-03 20:56:07'),
(85, 'Customer (Kotapola)', 'Kotapola', 'Kotapola', '0772864859', '0772864859', '2026-02-03 20:56:07', '2026-02-03 20:56:07'),
(86, 'Customer (Waralla)', 'Waralla', 'Waralla', '0774243435', '0774243435', '2026-02-03 20:56:07', '2026-02-03 20:56:07'),
(87, 'Customer (Waralla)', 'Waralla', 'Waralla', '0755988670', '541316750V', '2026-02-03 20:56:07', '2026-02-03 20:56:07'),
(88, 'Customer (Waralla)', 'Waralla', 'Waralla', '0773723251', '830894187V', '2026-02-03 20:56:07', '2026-02-03 20:56:07'),
(89, 'Customer (Waralla)', 'Waralla', 'Waralla', '0754719065', '745973590V', '2026-02-03 20:59:33', '2026-02-03 20:59:33'),
(90, 'Customer (Waralla)', 'Waralla', 'Waralla', '0761584954', '791744725V', '2026-02-03 20:59:33', '2026-02-03 20:59:33'),
(91, 'Customer (Waralla)', 'Waralla', 'Waralla', '0778617023', '196656900040', '2026-02-03 20:59:33', '2026-02-03 20:59:33'),
(92, 'Customer (Waralla)', 'Waralla', 'Waralla', '0713507052', '197220625422', '2026-02-03 20:59:34', '2026-02-03 20:59:34'),
(93, 'Customer (Waralla)', 'Waralla', 'Waralla', '0704818008', '197217401893', '2026-02-03 20:59:34', '2026-02-03 20:59:34'),
(94, 'Customer (Morawaka)', 'Morawaka', 'Morawaka', '0740431468', '763044246V', '2026-02-03 20:59:34', '2026-02-03 20:59:34'),
(95, 'Customer (Morawaka)', 'Morawaka', 'Morawaka', '0718107960', '815501012V', '2026-02-03 20:59:34', '2026-02-03 20:59:34'),
(96, 'Customer (Morawaka)', 'Morawaka', 'Morawaka', '0775311232', '197966503418', '2026-02-03 20:59:34', '2026-02-03 20:59:34'),
(97, 'Customer (Morawaka)', 'Morawaka', 'Morawaka', '0714000983', '815660617V', '2026-02-03 20:59:34', '2026-02-03 20:59:34'),
(98, 'Customer (Morawaka)', 'Morawaka', 'Morawaka', '0768668771', '621662511V', '2026-02-03 20:59:34', '2026-02-03 20:59:34'),
(99, 'Customer (Morawaka)', 'Morawaka', 'Morawaka', '0710179955', '821000842V', '2026-02-03 20:59:34', '2026-02-03 20:59:34'),
(100, 'Customer (Morawaka)', 'Morawaka', 'Morawaka', '0774835651', '723583519V', '2026-02-03 20:59:34', '2026-02-03 20:59:34'),
(101, 'Customer (Morawaka)', 'Morawaka', 'Morawaka', '0711126500', '503520044V', '2026-02-03 20:59:34', '2026-02-03 20:59:34'),
(102, 'Customer (Waralla)', 'Waralla', 'Waralla', '0742947577', '702760089V', '2026-02-03 20:59:34', '2026-02-03 20:59:34'),
(103, 'Customer (Kotapola)', 'Kotapola', 'Kotapola', '0719026390', '890734170V', '2026-02-03 20:59:34', '2026-02-03 20:59:34'),
(104, 'Customer (Kotapola)', 'Kotapola', 'Kotapola', '0779049413', '936292585V', '2026-02-03 20:59:34', '2026-02-03 20:59:34'),
(105, 'Customer (Kotapola)', 'Kotapola', 'Kotapola', '0767517328', '19746802625', '2026-02-03 20:59:34', '2026-02-03 20:59:34'),
(106, 'Customer (Kotapola)', 'Kotapola', 'Kotapola', '0760936454', '860844311V', '2026-02-03 20:59:34', '2026-02-03 20:59:34'),
(107, 'Customer (Kotapola)', 'Kotapola', 'Kotapola', '0719588833', '195311400443', '2026-02-03 20:59:34', '2026-02-03 20:59:34'),
(108, 'Customer (Kotapola)', 'Kotapola', 'Kotapola', '0713480744', '866523231V', '2026-02-03 20:59:34', '2026-02-03 20:59:34'),
(109, 'Customer (Waralla)', 'Waralla', 'Waralla', '0771014110', '8935891567V', '2026-02-03 20:59:34', '2026-02-03 20:59:34'),
(110, 'Customer (Waralla)', 'Waralla', 'Waralla', '0773686620', '451440993V', '2026-02-03 20:59:34', '2026-02-03 20:59:34'),
(111, 'Customer (Waralla)', 'Waralla', 'Waralla', '0770407208', '922540610V', '2026-02-03 20:59:34', '2026-02-03 20:59:34'),
(112, 'Customer (Kotapola)', 'Kotapola', 'Kotapola', '0771758990', '195225201710', '2026-02-03 20:59:34', '2026-02-03 20:59:34'),
(113, 'Customer (Beralapanathare)', 'Beralapanathare', 'Beralapanathare', '0717878837', '651021111V', '2026-02-03 20:59:34', '2026-02-03 20:59:34'),
(114, 'Customer (Kirilipana)', 'Kirilipana', 'Kirilipana', '0769037105', '200300100901', '2026-02-03 20:59:34', '2026-02-03 20:59:34'),
(115, 'Customer (Kirilipana)', 'Kirilipana', 'Kirilipana', '0772801290', '631782078V', '2026-02-03 20:59:34', '2026-02-03 20:59:34'),
(116, 'Customer (Kirilipana)', 'Kirilipana', 'Kirilipana', '0717952742', '562271651V', '2026-02-03 20:59:34', '2026-02-03 20:59:34'),
(117, 'Customer (Kirilipana)', 'Kirilipana', 'Kirilipana', '0719486705', '797591629V', '2026-02-03 20:59:34', '2026-02-03 20:59:34'),
(118, 'Customer (Waralla)', 'Waralla', 'Waralla', '0778081326', '832634670V', '2026-02-03 20:59:34', '2026-02-03 20:59:34'),
(119, 'Customer (Urubokka)', 'Urubokka', 'Urubokka', '0715216008', '740240528V', '2026-02-03 20:59:34', '2026-02-03 20:59:34'),
(120, 'Customer (Urubokka)', 'Urubokka', 'Urubokka', '0717438645', '968621564V', '2026-02-03 20:59:34', '2026-02-03 20:59:34'),
(121, 'Customer (Urubokka)', 'Urubokka', 'Urubokka', '0710926411', '658630920V', '2026-02-03 20:59:34', '2026-02-03 20:59:34'),
(122, 'Customer (Beralapanathare)', 'Beralapanathare', 'Beralapanathare', '0778851371', '771880215V', '2026-02-03 20:59:34', '2026-02-03 20:59:34'),
(123, 'Customer (Beralapanathare)', 'Beralapanathare', 'Beralapanathare', '0767780725', '198352602200', '2026-02-03 20:59:34', '2026-02-03 20:59:34'),
(124, 'Customer (Kirilipana)', 'Kirilipana', 'Kirilipana', '0763868726', '720233002V', '2026-02-03 20:59:34', '2026-02-03 20:59:34'),
(125, 'Customer (Kirilipana)', 'Kirilipana', 'Kirilipana', '0761130458', '721250051V', '2026-02-03 20:59:34', '2026-02-03 20:59:34'),
(126, 'Customer (Kirilipana)', 'Kirilipana', 'Kirilipana', '0706290041', '802444462V', '2026-02-03 20:59:34', '2026-02-03 20:59:34'),
(127, 'Customer (Kirilipana)', 'Kirilipana', 'Kirilipana', '0776085486', '731623988V', '2026-02-03 20:59:34', '2026-02-03 20:59:34'),
(128, 'Customer (Kirilipana)', 'Kirilipana', 'Kirilipana', '0717100873', '871912475V', '2026-02-03 20:59:34', '2026-02-03 20:59:34'),
(129, 'Customer (Kirilipana)', 'Kirilipana', 'Kirilipana', '0765285997', '623052670V', '2026-02-03 20:59:34', '2026-02-03 20:59:34'),
(130, 'Customer (Kirilipana)', 'Kirilipana', 'Kirilipana', '0717247933', '911662957V', '2026-02-03 20:59:34', '2026-02-03 20:59:34'),
(131, 'Customer (Morawaka)', 'Morawaka', 'Morawaka', '0763723581', '196110304520', '2026-02-03 21:01:49', '2026-02-03 21:01:49'),
(132, 'Customer (Hakmana)', 'Hakmana', 'Hakmana', '0761151432', '905243659V', '2026-02-03 21:01:49', '2026-02-03 21:01:49'),
(133, 'Customer (Hakmana)', 'Hakmana', 'Hakmana', '0414036208', '856134687V', '2026-02-03 21:01:49', '2026-02-03 21:01:49'),
(134, 'Customer (Gangodagama)', 'Gangodagama', 'Gangodagama', '0775329324', '696220077V', '2026-02-03 21:01:49', '2026-02-03 21:01:49'),
(135, 'Customer (Kubalgoda)', 'Kubalgoda', 'Kubalgoda', '0778639931', '846352015V', '2026-02-03 21:01:49', '2026-02-03 21:01:49'),
(136, 'Customer (Hakmana)', 'Hakmana', 'Hakmana', '0704160840', '937031483V', '2026-02-03 21:01:49', '2026-02-03 21:01:49'),
(137, 'Customer (Ellewela)', 'Ellewela', 'Ellewela', '0743389312', '725172214V', '2026-02-03 21:01:49', '2026-02-03 21:01:49'),
(138, 'Customer (Deiyandara)', 'Deiyandara', 'Deiyandara', '0771713080', '8009500584', '2026-02-03 21:01:49', '2026-02-03 21:01:49'),
(139, 'Customer (Kamburupitiya)', 'Kamburupitiya', 'Kamburupitiya', '0774081844', '685252686V', '2026-02-03 21:01:49', '2026-02-03 21:01:49'),
(140, 'Customer (Deiyandara)', 'Deiyandara', 'Deiyandara', '0772098236', '198275800430', '2026-02-03 21:01:49', '2026-02-03 21:01:49'),
(141, 'Customer (Radawela)', 'Radawela', 'Radawela', '0776083122', '670442646V', '2026-02-03 21:01:49', '2026-02-03 21:01:49'),
(142, 'Customer (Radawela)', 'Radawela', 'Radawela', '0711495073', '7310835117V', '2026-02-03 21:01:49', '2026-02-03 21:01:49'),
(143, 'Customer (Deiyandara)', 'Deiyandara', 'Deiyandara', '0711469063', '912892727V', '2026-02-03 21:01:49', '2026-02-03 21:01:49'),
(144, 'Customer (Deiyandara)', 'Deiyandara', 'Deiyandara', '0710806667', '196317410149', '2026-02-03 21:01:49', '2026-02-03 21:01:49'),
(145, 'Customer (Handugala)', 'Handugala', 'Handugala', '0702803731', '198005101925', '2026-02-03 21:01:49', '2026-02-03 21:01:49'),
(146, 'Customer (Deiyandara)', 'Deiyandara', 'Deiyandara', '0776638225', '911313650V', '2026-02-03 21:01:49', '2026-02-03 21:01:49'),
(147, 'Customer (Deiyandara)', 'Deiyandara', 'Deiyandara', '0779913885', '733121866V', '2026-02-03 21:01:49', '2026-02-03 21:01:49');

-- --------------------------------------------------------

--
-- Table structure for table `licenses`
--

CREATE TABLE `licenses` (
  `id` int(10) UNSIGNED NOT NULL,
  `customer_id` int(10) UNSIGNED DEFAULT NULL,
  `scale_id` int(10) UNSIGNED DEFAULT NULL,
  `bill_no` varchar(40) DEFAULT NULL,
  `last_service_date` date DEFAULT NULL,
  `expiry_date` date DEFAULT NULL,
  `serviced_by` varchar(120) DEFAULT NULL,
  `created_at` timestamp NOT NULL DEFAULT current_timestamp(),
  `updated_at` timestamp NOT NULL DEFAULT current_timestamp() ON UPDATE current_timestamp()
) ENGINE=InnoDB DEFAULT CHARSET=utf8mb4 COLLATE=utf8mb4_unicode_ci;

--
-- Dumping data for table `licenses`
--

INSERT INTO `licenses` (`id`, `customer_id`, `scale_id`, `bill_no`, `last_service_date`, `expiry_date`, `serviced_by`, `created_at`, `updated_at`) VALUES
(14, 12, 14, '15734', '2025-11-07', '2026-11-07', 'Chandika', '2026-02-03 20:37:41', '2026-02-03 20:37:41'),
(15, 12, 15, '15734', '2025-11-07', '2026-11-07', 'Chandika', '2026-02-03 20:37:41', '2026-02-03 20:37:41'),
(16, 13, 16, '15163', '2025-11-07', '2026-11-07', 'Chandika', '2026-02-03 20:37:41', '2026-02-03 20:37:41'),
(17, 14, 17, '15162', '2025-11-07', '2026-11-07', 'Chandika', '2026-02-03 20:37:41', '2026-02-03 20:37:41'),
(18, 15, 18, '15027', '2025-11-07', '2026-11-07', 'Chandika', '2026-02-03 20:37:41', '2026-02-03 20:37:41'),
(19, 16, 19, '15029', '2025-11-07', '2026-11-07', 'Chandika', '2026-02-03 20:37:41', '2026-02-03 20:37:41'),
(20, 16, 20, '15029', '2025-11-07', '2026-11-07', 'Chandika', '2026-02-03 20:37:41', '2026-02-03 20:37:41'),
(21, 17, 21, '15028', '2025-11-07', '2026-11-07', 'Chandika', '2026-02-03 20:37:41', '2026-02-03 20:37:41'),
(22, 18, 22, '15026', '2025-11-07', '2026-11-07', 'Chandika', '2026-02-03 20:37:41', '2026-02-03 20:37:41'),
(23, 18, 23, '15026', '2025-11-07', '2026-11-07', 'Chandika', '2026-02-03 20:37:41', '2026-02-03 20:37:41'),
(24, 19, 24, '15025', '2025-11-07', '2026-11-07', 'Chandika', '2026-02-03 20:37:41', '2026-02-03 20:37:41'),
(25, 20, 25, '15030', '2025-11-07', '2026-11-07', 'Chandika', '2026-02-03 20:37:41', '2026-02-03 20:37:41'),
(26, 21, 26, '15031', '2025-11-07', '2026-11-07', 'Chandika', '2026-02-03 20:37:41', '2026-02-03 20:37:41'),
(27, 22, 27, '15033', '2025-11-07', '2026-11-07', 'Chandika', '2026-02-03 20:37:41', '2026-02-03 20:37:41'),
(28, 23, 28, '15024', '2025-11-07', '2026-11-07', 'Chandika', '2026-02-03 20:37:41', '2026-02-03 20:37:41'),
(29, 24, 29, '15035', '2025-11-07', '2026-11-07', 'Chandika', '2026-02-03 20:37:41', '2026-02-03 20:37:41'),
(30, 24, 30, '15035', '2025-11-07', '2026-11-07', 'Chandika', '2026-02-03 20:37:41', '2026-02-03 20:37:41'),
(31, 25, 31, '15034', '2025-11-07', '2026-11-07', 'Chandika', '2026-02-03 20:37:41', '2026-02-03 20:37:41'),
(32, 26, 32, '15037', '2025-11-07', '2026-11-07', 'Chandika', '2026-02-03 20:37:41', '2026-02-03 20:37:41'),
(33, 27, 33, '15039', '2025-11-07', '2026-11-07', 'Chandika', '2026-02-03 20:37:41', '2026-02-03 20:37:41'),
(34, 28, 34, '15038', '2025-11-07', '2026-11-07', 'Chandika', '2026-02-03 20:37:41', '2026-02-03 20:37:41'),
(35, 29, 35, '15040', '2025-11-07', '2026-11-07', 'Chandika', '2026-02-03 20:44:10', '2026-02-03 20:44:10'),
(36, 30, 36, '15041', '2025-11-07', '2026-11-07', 'Chandika', '2026-02-03 20:44:10', '2026-02-03 20:44:10'),
(37, 30, 37, NULL, '2025-11-07', '2026-11-07', 'Chandika', '2026-02-03 20:44:10', '2026-02-03 20:44:10'),
(38, 31, 38, '15043', '2025-11-07', '2026-11-07', 'Chandika', '2026-02-03 20:44:10', '2026-02-03 20:44:10'),
(39, 31, 39, NULL, '2025-11-07', '2026-11-07', 'Chandika', '2026-02-03 20:44:10', '2026-02-03 20:44:10'),
(40, 32, 40, '15044', '2025-11-07', '2026-11-07', 'Chandika', '2026-02-03 20:44:10', '2026-02-03 20:44:10'),
(41, 33, 41, '15046', '2025-11-07', '2026-11-07', 'Chandika', '2026-02-03 20:44:10', '2026-02-03 20:44:10'),
(42, 34, 42, '15167', '2025-11-07', '2026-11-07', 'Chandika', '2026-02-03 20:44:10', '2026-02-03 20:44:10'),
(43, 34, 43, NULL, '2025-11-07', '2026-11-07', 'Chandika', '2026-02-03 20:44:10', '2026-02-03 20:44:10'),
(44, 35, 44, '15169', '2025-11-07', '2026-11-07', 'Chandika', '2026-02-03 20:44:10', '2026-02-03 20:44:10'),
(45, 36, 45, '15170', '2025-11-07', '2026-11-07', 'Chandika', '2026-02-03 20:44:10', '2026-02-03 20:44:10'),
(46, 37, 46, '15173', '2025-11-07', '2026-11-07', 'Chandika', '2026-02-03 20:44:10', '2026-02-03 20:44:10'),
(47, 38, 47, '15172', '2025-11-07', '2026-11-07', 'Chandika', '2026-02-03 20:44:10', '2026-02-03 20:44:10'),
(48, 39, 48, '15171', '2025-11-07', '2026-11-07', 'Chandika', '2026-02-03 20:44:10', '2026-02-03 20:44:10'),
(49, 40, 49, '15036', '2025-11-07', '2026-11-07', 'Chandika', '2026-02-03 20:44:10', '2026-02-03 20:44:10'),
(50, 40, 50, NULL, '2025-11-07', '2026-11-07', 'Chandika', '2026-02-03 20:44:10', '2026-02-03 20:44:10'),
(51, 41, 51, '15042', '2025-11-07', '2026-11-07', 'Chandika', '2026-02-03 20:44:10', '2026-02-03 20:44:10'),
(52, 42, 52, '15711', '2025-11-07', '2026-11-07', 'Malindu', '2026-02-03 20:44:10', '2026-02-03 20:44:10'),
(53, 43, 53, '15554', '2025-11-07', '2026-11-07', 'Malindu', '2026-02-03 20:44:10', '2026-02-03 20:44:10'),
(54, 44, 54, '15770-S', '2025-11-07', '2026-11-07', 'Malindu', '2026-02-03 20:44:10', '2026-02-03 20:44:10'),
(55, 44, 55, NULL, '2025-11-07', '2026-11-07', 'Malindu', '2026-02-03 20:44:10', '2026-02-03 20:44:10'),
(56, 44, 56, NULL, '2025-11-07', '2026-11-07', 'Malindu', '2026-02-03 20:44:10', '2026-02-03 20:44:10'),
(57, 45, 57, '15918', '2025-10-15', '2026-10-15', 'Chandika', '2026-02-03 20:47:19', '2026-02-03 20:47:19'),
(58, 46, 58, '15923', '2025-10-15', '2026-10-15', 'Chandika', '2026-02-03 20:47:19', '2026-02-03 20:47:19'),
(59, 46, 59, '15923', '2025-10-15', '2026-10-15', 'Chandika', '2026-02-03 20:47:19', '2026-02-03 20:47:19'),
(60, 47, 60, '15921', '2025-10-15', '2026-10-15', 'Chandika', '2026-02-03 20:47:19', '2026-02-03 20:47:19'),
(61, 48, 61, '15922', '2025-10-15', '2026-10-15', 'Chandika', '2026-02-03 20:47:19', '2026-02-03 20:47:19'),
(62, 48, 62, NULL, '2025-10-15', '2026-10-15', 'Chandika', '2026-02-03 20:47:19', '2026-02-03 20:47:19'),
(63, 49, 63, '15924', '2025-10-15', '2026-10-15', 'Chandika', '2026-02-03 20:47:19', '2026-02-03 20:47:19'),
(64, 50, 64, '15020', '2025-10-15', '2026-10-15', 'Chandika', '2026-02-03 20:47:19', '2026-02-03 20:47:19'),
(65, 51, 65, '15019', '2025-10-15', '2026-10-15', 'Chandika', '2026-02-03 20:47:19', '2026-02-03 20:47:19'),
(66, 52, 66, '15910', '2025-10-15', '2026-10-15', 'Chandika', '2026-02-03 20:47:19', '2026-02-03 20:47:19'),
(67, 53, 67, '15930', '2025-10-15', '2026-10-15', 'Chandika', '2026-02-03 20:47:19', '2026-02-03 20:47:19'),
(68, 54, 68, '15929', '2025-10-15', '2026-10-15', 'Chandika', '2026-02-03 20:47:19', '2026-02-03 20:47:19'),
(69, 55, 69, '15928', '2025-10-15', '2026-10-15', 'Malindu', '2026-02-03 20:47:19', '2026-02-03 20:47:19'),
(70, 56, 70, '15908', '2025-10-16', '2026-10-16', 'Malindu', '2026-02-03 20:47:19', '2026-02-03 20:47:19'),
(71, 57, 71, '15905', '2025-10-16', '2026-10-16', 'Tharindu', '2026-02-03 20:47:19', '2026-02-03 20:47:19'),
(72, 58, 72, '15934', '2025-10-17', '2026-10-17', 'Chandika', '2026-02-03 20:47:19', '2026-02-03 20:47:19'),
(73, 59, 73, '15933', '2025-10-17', '2026-10-17', 'Chandika', '2026-02-03 20:47:19', '2026-02-03 20:47:19'),
(74, 60, 74, '15307', '2025-10-19', '2026-10-19', 'Tharindu', '2026-02-03 20:47:19', '2026-02-03 20:47:19'),
(75, 61, 75, '15339', '2025-10-19', '2026-10-19', 'Tharindu', '2026-02-03 20:47:19', '2026-02-03 20:47:19'),
(76, 61, 76, NULL, '2025-10-19', '2026-10-19', 'Chandindu', '2026-02-03 20:47:19', '2026-02-03 20:47:19'),
(77, 62, 77, '15309', '2025-10-19', '2026-10-19', 'Tharindu', '2026-02-03 20:47:19', '2026-02-03 20:47:19'),
(78, 63, 78, '15306', '2025-10-19', '2026-10-19', 'Tharindu', '2026-02-03 20:47:19', '2026-02-03 20:47:19'),
(79, 64, 79, '15304', '2025-10-19', '2026-10-19', 'Tharindu', '2026-02-03 20:47:19', '2026-02-03 20:47:19'),
(80, 65, 80, '15305', '2025-10-19', '2026-10-19', 'Tharindu', '2026-02-03 20:47:19', '2026-02-03 20:47:19'),
(81, 66, 81, '15303', '2025-10-19', '2026-10-19', 'Malindu', '2026-02-03 20:47:19', '2026-02-03 20:47:19'),
(82, 67, 82, '15302', '2025-10-19', '2026-10-19', 'Chandika', '2026-02-03 20:47:19', '2026-02-03 20:47:19'),
(83, 68, 83, '15372', '2025-10-19', '2026-10-19', 'Chandika', '2026-02-03 20:47:19', '2026-02-03 20:47:19'),
(84, 69, 84, '15311', '2025-10-19', '2026-10-19', 'Chandika', '2026-02-03 20:47:19', '2026-02-03 20:47:19'),
(85, 70, 85, '15310', '2025-10-19', '2026-10-19', 'Chandika', '2026-02-03 20:47:19', '2026-02-03 20:47:19'),
(86, 71, 86, NULL, '2025-10-15', '2026-10-15', 'Chaminda', '2026-02-03 20:56:07', '2026-02-03 20:56:07'),
(87, 72, 87, NULL, '2025-10-15', '2026-10-15', 'Chaminda', '2026-02-03 20:56:07', '2026-02-03 20:56:07'),
(88, 72, 88, NULL, '2025-10-15', '2026-10-15', 'Chaminda', '2026-02-03 20:56:07', '2026-02-03 20:56:07'),
(89, 73, 89, NULL, '2025-10-15', '2026-10-15', 'Chaminda', '2026-02-03 20:56:07', '2026-02-03 20:56:07'),
(90, 74, 90, NULL, '2025-10-15', '2026-10-15', 'Chaminda', '2026-02-03 20:56:07', '2026-02-03 20:56:07'),
(91, 74, 91, NULL, '2025-10-15', '2026-10-15', 'Chaminda', '2026-02-03 20:56:07', '2026-02-03 20:56:07'),
(92, 75, 92, NULL, '2025-10-15', '2026-10-15', 'Chaminda', '2026-02-03 20:56:07', '2026-02-03 20:56:07'),
(93, 76, 93, NULL, '2025-10-15', '2026-10-15', 'Chaminda', '2026-02-03 20:56:07', '2026-02-03 20:56:07'),
(94, 77, 94, NULL, '2025-10-15', '2026-10-15', 'Chaminda', '2026-02-03 20:56:07', '2026-02-03 20:56:07'),
(95, 78, 95, NULL, '2025-10-15', '2026-10-15', 'Chaminda', '2026-02-03 20:56:07', '2026-02-03 20:56:07'),
(96, 79, 96, NULL, '2025-10-15', '2026-10-15', 'Chaminda', '2026-02-03 20:56:07', '2026-02-03 20:56:07'),
(97, 80, 97, NULL, '2025-10-15', '2026-10-15', 'Chaminda', '2026-02-03 20:56:07', '2026-02-03 20:56:07'),
(98, 81, 98, NULL, '2025-10-15', '2026-10-15', 'Malindu', '2026-02-03 20:56:07', '2026-02-03 20:56:07'),
(99, 82, 99, NULL, '2025-10-15', '2026-10-15', 'Malindu', '2026-02-03 20:56:07', '2026-02-03 20:56:07'),
(100, 83, 100, NULL, '2025-10-15', '2026-10-15', 'Tharindu', '2026-02-03 20:56:07', '2026-02-03 20:56:07'),
(101, 84, 101, NULL, '2025-10-15', '2026-10-15', 'Chaminda', '2026-02-03 20:56:07', '2026-02-03 20:56:07'),
(102, 85, 102, NULL, '2025-10-15', '2026-10-15', 'Chaminda', '2026-02-03 20:56:07', '2026-02-03 20:56:07'),
(103, 86, 103, NULL, '2025-10-15', '2026-10-15', 'Tharindu', '2026-02-03 20:56:07', '2026-02-03 20:56:07'),
(104, 61, 104, NULL, '2025-10-15', '2026-10-15', 'Tharindu', '2026-02-03 20:56:07', '2026-02-03 20:56:07'),
(105, 61, 105, NULL, '2025-10-15', '2026-10-15', 'Chaminda', '2026-02-03 20:56:07', '2026-02-03 20:56:07'),
(106, 79, 106, NULL, '2025-10-15', '2026-10-15', 'Tharindu', '2026-02-03 20:56:07', '2026-02-03 20:56:07'),
(107, 87, 107, NULL, '2025-10-15', '2026-10-15', 'Chaminda', '2026-02-03 20:56:07', '2026-02-03 20:56:07'),
(108, 79, 108, NULL, '2025-10-15', '2026-10-15', 'Chaminda', '2026-02-03 20:56:07', '2026-02-03 20:56:07'),
(109, 88, 109, NULL, '2025-10-15', '2026-10-15', 'Tharindu', '2026-02-03 20:56:07', '2026-02-03 20:56:07'),
(110, 89, 110, NULL, '2025-10-15', '2026-10-15', 'Malindu', '2026-02-03 20:59:33', '2026-02-03 20:59:33'),
(111, 90, 111, NULL, '2025-10-15', '2026-10-15', 'Chaminda', '2026-02-03 20:59:33', '2026-02-03 20:59:33'),
(112, 91, 112, NULL, '2025-10-15', '2026-10-15', 'Chaminda', '2026-02-03 20:59:34', '2026-02-03 20:59:34'),
(113, 92, 113, NULL, '2025-10-15', '2026-10-15', 'Tharindu', '2026-02-03 20:59:34', '2026-02-03 20:59:34'),
(114, 93, 114, NULL, '2025-10-15', '2026-10-15', 'Chaminda', '2026-02-03 20:59:34', '2026-02-03 20:59:34'),
(115, 94, 115, NULL, '2025-10-15', '2026-10-15', 'Chaminda', '2026-02-03 20:59:34', '2026-02-03 20:59:34'),
(116, 95, 116, NULL, '2025-10-15', '2026-10-15', 'Malindu', '2026-02-03 20:59:34', '2026-02-03 20:59:34'),
(117, 96, 117, NULL, '2025-10-15', '2026-10-15', 'Malindu', '2026-02-03 20:59:34', '2026-02-03 20:59:34'),
(118, 97, 118, NULL, '2025-10-15', '2026-10-15', 'Chaminda', '2026-02-03 20:59:34', '2026-02-03 20:59:34'),
(119, 98, 119, NULL, '2025-10-15', '2026-10-15', 'Chaminda', '2026-02-03 20:59:34', '2026-02-03 20:59:34'),
(120, 99, 120, NULL, '2025-10-15', '2026-10-15', 'Chaminda', '2026-02-03 20:59:34', '2026-02-03 20:59:34'),
(121, 100, 121, NULL, '2025-10-15', '2026-10-15', 'Malindu', '2026-02-03 20:59:34', '2026-02-03 20:59:34'),
(122, 101, 122, NULL, '2025-10-15', '2026-10-15', 'Chaminda', '2026-02-03 20:59:34', '2026-02-03 20:59:34'),
(123, 79, 123, NULL, '2025-10-15', '2026-10-15', 'Tharindu', '2026-02-03 20:59:34', '2026-02-03 20:59:34'),
(124, 79, 124, NULL, '2025-10-15', '2026-10-15', 'Tharindu', '2026-02-03 20:59:34', '2026-02-03 20:59:34'),
(125, 79, 125, NULL, '2025-10-15', '2026-10-15', 'Tharindu', '2026-02-03 20:59:34', '2026-02-03 20:59:34'),
(126, 102, 126, NULL, '2025-10-15', '2026-10-15', 'Chaminda', '2026-02-03 20:59:34', '2026-02-03 20:59:34'),
(127, 103, 127, NULL, '2025-10-15', '2026-10-15', 'Malindu', '2026-02-03 20:59:34', '2026-02-03 20:59:34'),
(128, 104, 128, NULL, '2025-10-15', '2026-10-15', 'Chaminda', '2026-02-03 20:59:34', '2026-02-03 20:59:34'),
(129, 105, 129, NULL, '2025-10-15', '2026-10-15', 'Chaminda', '2026-02-03 20:59:34', '2026-02-03 20:59:34'),
(130, 106, 130, NULL, '2025-10-15', '2026-10-15', 'Chaminda', '2026-02-03 20:59:34', '2026-02-03 20:59:34'),
(131, 106, 131, NULL, '2025-10-15', '2026-10-15', 'Chaminda', '2026-02-03 20:59:34', '2026-02-03 20:59:34'),
(132, 107, 132, NULL, '2025-10-15', '2026-10-15', 'Chaminda', '2026-02-03 20:59:34', '2026-02-03 20:59:34'),
(133, 108, 133, NULL, '2025-10-15', '2026-10-15', 'Chaminda', '2026-02-03 20:59:34', '2026-02-03 20:59:34'),
(134, 109, 134, NULL, '2025-10-15', '2026-10-15', 'Tharindu', '2026-02-03 20:59:34', '2026-02-03 20:59:34'),
(135, 79, 135, NULL, '2025-10-15', '2026-10-15', 'Chaminda', '2026-02-03 20:59:34', '2026-02-03 20:59:34'),
(136, 110, 136, NULL, '2025-10-15', '2026-10-15', 'Chaminda', '2026-02-03 20:59:34', '2026-02-03 20:59:34'),
(137, 111, 137, NULL, '2025-10-15', '2026-10-15', 'Malindu', '2026-02-03 20:59:34', '2026-02-03 20:59:34'),
(138, 112, 138, NULL, '2025-10-15', '2026-10-15', 'Chaminda', '2026-02-03 20:59:34', '2026-02-03 20:59:34'),
(139, 113, 139, NULL, '2025-10-15', '2026-10-15', 'Chaminda', '2026-02-03 20:59:34', '2026-02-03 20:59:34'),
(140, 79, 140, NULL, '2025-10-15', '2026-10-15', 'Chaminda', '2026-02-03 20:59:34', '2026-02-03 20:59:34'),
(141, 114, 141, NULL, '2025-10-15', '2026-10-15', 'Chaminda', '2026-02-03 20:59:34', '2026-02-03 20:59:34'),
(142, 115, 142, NULL, '2025-10-15', '2026-10-15', 'Chaminda', '2026-02-03 20:59:34', '2026-02-03 20:59:34'),
(143, 116, 143, NULL, '2025-10-15', '2026-10-15', 'Buddhika', '2026-02-03 20:59:34', '2026-02-03 20:59:34'),
(144, 117, 144, NULL, '2025-10-15', '2026-10-15', 'Chaminda', '2026-02-03 20:59:34', '2026-02-03 20:59:34'),
(145, 118, 145, NULL, '2025-10-15', '2026-10-15', 'Chaminda', '2026-02-03 20:59:34', '2026-02-03 20:59:34'),
(146, 119, 146, NULL, '2025-10-15', '2026-10-15', 'Malindu', '2026-02-03 20:59:34', '2026-02-03 20:59:34'),
(147, 120, 147, NULL, '2025-10-15', '2026-10-15', 'Buddhika', '2026-02-03 20:59:34', '2026-02-03 20:59:34'),
(148, 121, 148, NULL, '2025-10-15', '2026-10-15', 'Buddhika', '2026-02-03 20:59:34', '2026-02-03 20:59:34'),
(149, 122, 149, NULL, '2025-10-15', '2026-10-15', 'Buddhika', '2026-02-03 20:59:34', '2026-02-03 20:59:34'),
(150, 123, 150, NULL, '2025-10-15', '2026-10-15', 'Buddhika', '2026-02-03 20:59:34', '2026-02-03 20:59:34'),
(151, 124, 151, NULL, '2025-10-15', '2026-10-15', 'Buddhika', '2026-02-03 20:59:34', '2026-02-03 20:59:34'),
(152, 125, 152, NULL, '2025-10-15', '2026-10-15', 'Buddhika', '2026-02-03 20:59:34', '2026-02-03 20:59:34'),
(153, 126, 153, NULL, '2025-10-15', '2026-10-15', 'Buddhika', '2026-02-03 20:59:34', '2026-02-03 20:59:34'),
(154, 127, 154, NULL, '2025-10-15', '2026-10-15', 'Buddhika', '2026-02-03 20:59:34', '2026-02-03 20:59:34'),
(155, 128, 155, NULL, '2025-10-15', '2026-10-15', 'Buddhika', '2026-02-03 20:59:34', '2026-02-03 20:59:34'),
(156, 129, 156, NULL, '2025-10-15', '2026-10-15', 'Buddhika', '2026-02-03 20:59:34', '2026-02-03 20:59:34'),
(157, 79, 157, NULL, '2025-10-15', '2026-10-15', 'Buddhika', '2026-02-03 20:59:34', '2026-02-03 20:59:34'),
(158, 130, 158, NULL, '2025-10-15', '2026-10-15', 'Buddhika', '2026-02-03 20:59:34', '2026-02-03 20:59:34'),
(159, 131, 159, NULL, '2025-10-15', '2026-10-15', 'Buddhika', '2026-02-03 21:01:49', '2026-02-03 21:01:49'),
(160, 79, 160, NULL, '2025-10-15', '2026-10-15', 'Malindu', '2026-02-03 21:01:49', '2026-02-03 21:01:49'),
(161, 132, 161, NULL, '2025-10-15', '2026-10-15', 'Malindu', '2026-02-03 21:01:49', '2026-02-03 21:01:49'),
(162, 133, 162, NULL, '2025-10-15', '2026-10-15', 'Malindu', '2026-02-03 21:01:49', '2026-02-03 21:01:49'),
(163, 134, 163, NULL, '2025-10-15', '2026-10-15', 'Malindu', '2026-02-03 21:01:49', '2026-02-03 21:01:49'),
(164, 135, 164, NULL, '2025-10-15', '2026-10-15', 'Malindu', '2026-02-03 21:01:49', '2026-02-03 21:01:49'),
(165, 136, 165, NULL, '2025-10-15', '2026-10-15', 'Malindu', '2026-02-03 21:01:49', '2026-02-03 21:01:49'),
(166, 137, 166, NULL, '2025-10-15', '2026-10-15', 'Malindu', '2026-02-03 21:01:49', '2026-02-03 21:01:49'),
(167, 79, 167, NULL, '2025-10-15', '2026-10-15', 'Malindu', '2026-02-03 21:01:49', '2026-02-03 21:01:49'),
(168, 138, 168, NULL, '2025-10-15', '2026-10-15', 'Malindu', '2026-02-03 21:01:49', '2026-02-03 21:01:49'),
(169, 79, 169, NULL, '2025-10-15', '2026-10-15', 'Malindu', '2026-02-03 21:01:49', '2026-02-03 21:01:49'),
(170, 139, 170, NULL, '2025-10-15', '2026-10-15', 'Malindu', '2026-02-03 21:01:49', '2026-02-03 21:01:49'),
(171, 140, 171, NULL, '2025-10-15', '2026-10-15', 'Malindu', '2026-02-03 21:01:49', '2026-02-03 21:01:49'),
(172, 140, 172, NULL, '2025-10-15', '2026-10-15', 'Malindu', '2026-02-03 21:01:49', '2026-02-03 21:01:49'),
(173, 79, 173, NULL, '2025-10-15', '2026-10-15', 'Malindu', '2026-02-03 21:01:49', '2026-02-03 21:01:49'),
(174, 79, 174, NULL, '2025-10-15', '2026-10-15', 'Malindu', '2026-02-03 21:01:49', '2026-02-03 21:01:49'),
(175, 141, 175, NULL, '2025-10-15', '2026-10-15', 'Malindu', '2026-02-03 21:01:49', '2026-02-03 21:01:49'),
(176, 142, 176, NULL, '2025-10-15', '2026-10-15', 'Malindu', '2026-02-03 21:01:49', '2026-02-03 21:01:49'),
(177, 143, 177, NULL, '2025-10-15', '2026-10-15', 'Malindu', '2026-02-03 21:01:49', '2026-02-03 21:01:49'),
(178, 144, 178, NULL, '2025-10-15', '2026-10-15', 'Malindu', '2026-02-03 21:01:49', '2026-02-03 21:01:49'),
(179, 144, 179, NULL, '2025-10-15', '2026-10-15', 'Malindu', '2026-02-03 21:01:49', '2026-02-03 21:01:49'),
(180, 79, 180, NULL, '2025-10-15', '2026-10-15', 'Buddhika', '2026-02-03 21:01:49', '2026-02-03 21:01:49'),
(181, 145, 181, NULL, '2025-10-15', '2026-10-15', 'Shop', '2026-02-03 21:01:49', '2026-02-03 21:01:49'),
(182, 79, 182, NULL, '2025-10-15', '2026-10-15', 'Malindu', '2026-02-03 21:01:49', '2026-02-03 21:01:49'),
(183, 146, 183, NULL, '2025-10-15', '2026-10-15', 'Malindu', '2026-02-03 21:01:49', '2026-02-03 21:01:49'),
(184, 147, 184, NULL, '2025-10-15', '2026-10-15', 'Buddhika', '2026-02-03 21:01:49', '2026-02-03 21:01:49');

-- --------------------------------------------------------

--
-- Table structure for table `license_renewals`
--

CREATE TABLE `license_renewals` (
  `id` int(10) UNSIGNED NOT NULL,
  `license_id` int(10) UNSIGNED NOT NULL,
  `renewal_date` date NOT NULL,
  `new_expiry_date` date NOT NULL,
  `bill_no` varchar(40) DEFAULT NULL,
  `serviced_by` varchar(120) DEFAULT NULL,
  `created_at` timestamp NOT NULL DEFAULT current_timestamp()
) ENGINE=InnoDB DEFAULT CHARSET=utf8mb4 COLLATE=utf8mb4_unicode_ci;

-- --------------------------------------------------------

--
-- Table structure for table `sales`
--

CREATE TABLE `sales` (
  `id` int(10) UNSIGNED NOT NULL,
  `customer_id` int(10) UNSIGNED NOT NULL,
  `scale_id` int(10) UNSIGNED NOT NULL,
  `invoice_no` varchar(50) DEFAULT NULL,
  `sale_date` date NOT NULL,
  `scale_brand` varchar(100) DEFAULT NULL,
  `model` varchar(120) DEFAULT NULL,
  `serial_no` varchar(60) DEFAULT NULL,
  `capacity` varchar(50) DEFAULT NULL,
  `display_colour` varchar(50) DEFAULT NULL,
  `scale_price` decimal(10,2) DEFAULT 0.00,
  `discount` decimal(10,2) DEFAULT 0.00,
  `net_price` decimal(10,2) DEFAULT 0.00,
  `payment_type` varchar(50) DEFAULT 'Cash',
  `payment_amount` decimal(10,2) DEFAULT 0.00,
  `balance_amount` decimal(10,2) DEFAULT 0.00,
  `payment_1` decimal(10,2) DEFAULT 0.00,
  `payment_2` decimal(10,2) DEFAULT 0.00,
  `payment_3` decimal(10,2) DEFAULT 0.00,
  `net_balance` decimal(10,2) DEFAULT 0.00,
  `next_license_date` date DEFAULT NULL,
  `created_at` timestamp NOT NULL DEFAULT current_timestamp()
) ENGINE=InnoDB DEFAULT CHARSET=utf8mb4 COLLATE=utf8mb4_unicode_ci;

-- --------------------------------------------------------

--
-- Table structure for table `scales`
--

CREATE TABLE `scales` (
  `id` int(10) UNSIGNED NOT NULL,
  `model` varchar(120) DEFAULT NULL,
  `serial_no` varchar(60) DEFAULT NULL,
  `capacity` varchar(30) DEFAULT NULL,
  `reg_no` varchar(40) DEFAULT NULL,
  `created_at` timestamp NOT NULL DEFAULT current_timestamp(),
  `updated_at` timestamp NOT NULL DEFAULT current_timestamp() ON UPDATE current_timestamp()
) ENGINE=InnoDB DEFAULT CHARSET=utf8mb4 COLLATE=utf8mb4_unicode_ci;

--
-- Dumping data for table `scales`
--

INSERT INTO `scales` (`id`, `model`, `serial_no`, `capacity`, `reg_no`, `created_at`, `updated_at`) VALUES
(14, 'Canter KF A1', '1017', '15kg', NULL, '2026-02-03 20:37:41', '2026-02-03 20:37:41'),
(15, 'Carna 1', '5200', '15kg', NULL, '2026-02-03 20:37:41', '2026-02-03 20:37:41'),
(16, 'Apex ACS-A', '34317', '15kg', NULL, '2026-02-03 20:37:41', '2026-02-03 20:37:41'),
(17, 'Budry ZAR WPPR15', '3847', '15kg', '33-8020', '2026-02-03 20:37:41', '2026-02-03 20:37:41'),
(18, 'Soft Cash', 'SC 002 363', '15kg', '33-8057', '2026-02-03 20:37:41', '2026-02-03 20:37:41'),
(19, 'Camry ACS-K', '9058', '15kg', NULL, '2026-02-03 20:37:41', '2026-02-03 20:37:41'),
(20, 'Avery Berkel SL 6405', 'B 3573', '15kg', NULL, '2026-02-03 20:37:41', '2026-02-03 20:37:41'),
(21, 'Tiger TIGE', 'RSP00040-6JQ', '15kg', '33-7689', '2026-02-03 20:37:41', '2026-02-03 20:37:41'),
(22, 'Royal ACS-C-KP1', '7201', '15kg', '33-10459', '2026-02-03 20:37:41', '2026-02-03 20:37:41'),
(23, 'Rainbow ACS-A', 'RGS 0014', '15kg', '33-14155', '2026-02-03 20:37:41', '2026-02-03 20:37:41'),
(24, 'Hana 640SL', 'DSC 011', '15kg', '33-14043', '2026-02-03 20:37:41', '2026-02-03 20:37:41'),
(25, 'Sunway KF 268', '8603', '15kg', '33-6597', '2026-02-03 20:37:41', '2026-02-03 20:37:41'),
(26, 'Camry ACS-K', '7925', '15kg', NULL, '2026-02-03 20:37:41', '2026-02-03 20:37:41'),
(27, 'alpha ACS-C-999', '31266', '15kg', NULL, '2026-02-03 20:37:41', '2026-02-03 20:37:41'),
(28, 'Hana DR25TS', 'B 6055', '15kg', '33-15954', '2026-02-03 20:37:41', '2026-02-03 20:37:41'),
(29, 'Hana DR25TS', 'ADA 174', '15kg', '33-10445', '2026-02-03 20:37:41', '2026-02-03 20:37:41'),
(30, 'Solid KP-N77-150', '6893', '150kg', '33-23035', '2026-02-03 20:37:41', '2026-02-03 20:37:41'),
(31, 'Budry WP15', '15/220880572', '15kg', NULL, '2026-02-03 20:37:41', '2026-02-03 20:37:41'),
(32, 'Crystal JW-618', '0639', '15kg', NULL, '2026-02-03 20:37:41', '2026-02-03 20:37:41'),
(33, 'Apex ACS A', '29260', '15kg', '33-13735', '2026-02-03 20:37:41', '2026-02-03 20:37:41'),
(34, 'Hana DR25HLS', 'B0192', '15kg', '33-7207', '2026-02-03 20:37:41', '2026-02-03 20:37:41'),
(35, 'Budry WP A-84', 'EPWS-495', '300g', '33-12740', '2026-02-03 20:44:10', '2026-02-03 20:44:10'),
(36, 'Royal ACS-C-KP2', '23549', '15kg', '33-7694', '2026-02-03 20:44:10', '2026-02-03 20:44:10'),
(37, 'Solid KP-N77-150', '5752', '150kg', '33-13743', '2026-02-03 20:44:10', '2026-02-03 20:44:10'),
(38, 'Mortex R15P', '0505-1033', '15kg', '33-8784', '2026-02-03 20:44:10', '2026-02-03 20:44:10'),
(39, 'Aqua T 30', '2231', '30kg', '33-12772', '2026-02-03 20:44:10', '2026-02-03 20:44:10'),
(40, 'Budry MFD-51', 'MFD-51 15891', '15kg', '33-23034', '2026-02-03 20:44:10', '2026-02-03 20:44:10'),
(41, 'Canter ST-918', '1427', '15kg', NULL, '2026-02-03 20:44:10', '2026-02-03 20:44:10'),
(42, 'Camry ACS-K', '3166', '15kg', '33-16412', '2026-02-03 20:44:10', '2026-02-03 20:44:10'),
(43, 'Camry ACS-K', 'UNKNOWN-R30', '15kg', '33-12758', '2026-02-03 20:44:10', '2026-02-03 20:44:10'),
(44, 'Budry MFD-51', 'MFD-51 15805', '15kg', '33-23028', '2026-02-03 20:44:10', '2026-02-03 20:44:10'),
(45, 'alpha T-10', '1445', '15kg', NULL, '2026-02-03 20:44:10', '2026-02-03 20:44:10'),
(46, 'Budry WPA 84', 'EPWS-0501', '300g', '33-12762', '2026-02-03 20:44:10', '2026-02-03 20:44:10'),
(47, 'Hana 640SL', 'B 5706', '15kg', NULL, '2026-02-03 20:44:10', '2026-02-03 20:44:10'),
(48, 'Aqua -ACS-KPS', '8600', '15kg', '33-12766', '2026-02-03 20:44:10', '2026-02-03 20:44:10'),
(49, 'Tiger TIGE', 'R3P21000-6EM', '15kg', '33-7203', '2026-02-03 20:44:10', '2026-02-03 20:44:10'),
(50, 'Hana 640SL', 'B 2784', '15kg', '33-7201', '2026-02-03 20:44:10', '2026-02-03 20:44:10'),
(51, 'Royal ACS-C-KP1', '6331', '15kg', '33-12744', '2026-02-03 20:44:10', '2026-02-03 20:44:10'),
(52, 'Solid KP-N77-300', '486', '300kg', '33-11259', '2026-02-03 20:44:10', '2026-02-03 20:44:10'),
(53, 'Canter KF-268', '1134', '15kg', NULL, '2026-02-03 20:44:10', '2026-02-03 20:44:10'),
(54, 'IM30A', '50077431', '15kg', NULL, '2026-02-03 20:44:10', '2026-02-03 20:44:10'),
(55, 'IM30A', '50077489', '15kg', '33-74196', '2026-02-03 20:44:10', '2026-02-03 20:44:10'),
(56, 'A-Camsl-1', '1701060', '600kg', '33-10733', '2026-02-03 20:44:10', '2026-02-03 20:44:10'),
(57, 'Zepper BZ', '20701', '15kg', '33-14065', '2026-02-03 20:47:19', '2026-02-03 20:47:19'),
(58, 'Alpha ACS-C-002', '31804', '15kg', '33-16474', '2026-02-03 20:47:19', '2026-02-03 20:47:19'),
(59, 'Canter KF A1', '3586', '30kg', '33-6623', '2026-02-03 20:47:19', '2026-02-03 20:47:19'),
(60, 'Hana DR25TS', 'B 11142', '15kg', '33-20450', '2026-02-03 20:47:19', '2026-02-03 20:47:19'),
(61, 'Royal ACS-C-KP1', '3553', '15kg', '33-6118', '2026-02-03 20:47:19', '2026-02-03 20:47:19'),
(62, 'Aloha ACS-C-999', '29555', '30kg', '33-6117', '2026-02-03 20:47:19', '2026-02-03 20:47:19'),
(63, 'Aqua T-30', '722', '30kg', '33-6523', '2026-02-03 20:47:19', '2026-02-03 20:47:19'),
(64, 'Alpha T-01', '20981', '15kg', '33-22124', '2026-02-03 20:47:19', '2026-02-03 20:47:19'),
(65, 'Apex ACS-A', '26645', '15kg', '33-6814', '2026-02-03 20:47:19', '2026-02-03 20:47:19'),
(66, 'Apex ACS-A', '433', '15kg', '33-14711', '2026-02-03 20:47:19', '2026-02-03 20:47:19'),
(67, 'Royal ACS-C-KP1', '5886', '15kg', '33-9095', '2026-02-03 20:47:19', '2026-02-03 20:47:19'),
(68, 'Sumsung ACS-30', '009012', '30kg', '33-14125', '2026-02-03 20:47:19', '2026-02-03 20:47:19'),
(69, 'Apex ACS-A', '14885', '15kg', '33-21146', '2026-02-03 20:47:19', '2026-02-03 20:47:19'),
(70, 'Aloha T-01', '1720', '15kg', NULL, '2026-02-03 20:47:19', '2026-02-03 20:47:19'),
(71, 'Solid KP-N77-150', '5460', '150kg', '33-16282', '2026-02-03 20:47:19', '2026-02-03 20:47:19'),
(72, 'Seculite BT 208', '51100062', '15kg', '33-9137', '2026-02-03 20:47:19', '2026-02-03 20:47:19'),
(73, 'Sumsung ACS-30', '9888', '30kg', '33-8745', '2026-02-03 20:47:19', '2026-02-03 20:47:19'),
(74, 'SeryAll Class-III', 'WT 30/3000/0152', '15kg', '33-2554', '2026-02-03 20:47:19', '2026-02-03 20:47:19'),
(75, 'Budry WP15', '15/2208036983', '15kg', '33-18992', '2026-02-03 20:47:19', '2026-02-03 20:47:19'),
(76, 'Apex ACS-C-KP2', '1005', '15kg', '33-18995', '2026-02-03 20:47:19', '2026-02-03 20:47:19'),
(77, 'Aloha ACS-A', '29193', '15kg', '33-9730', '2026-02-03 20:47:19', '2026-02-03 20:47:19'),
(78, 'Royal ACS-C-KP1', '33084', '15kg', '33-14338', '2026-02-03 20:47:19', '2026-02-03 20:47:19'),
(79, 'Camry ACS-K', '31089', '15kg', '33-10444', '2026-02-03 20:47:19', '2026-02-03 20:47:19'),
(80, 'Dagar PC-100', '20245', '15kg', NULL, '2026-02-03 20:47:19', '2026-02-03 20:47:19'),
(81, 'Royal ACS-C-KP1', '28068', '15kg', '33-14337', '2026-02-03 20:47:19', '2026-02-03 20:47:19'),
(82, 'Avery Berkel SL 6405', 'B 41019', '15kg', '33-8869', '2026-02-03 20:47:19', '2026-02-03 20:47:19'),
(83, 'Royal ACS-C-KP2', '2244', '15kg', '33-7204', '2026-02-03 20:47:19', '2026-02-03 20:47:19'),
(84, 'alpha ACS-30', '3682', '30kg', '33-9130', '2026-02-03 20:47:19', '2026-02-03 20:47:19'),
(85, 'Camry ACS-K', '3163', '15kg', '33-14229', '2026-02-03 20:47:19', '2026-02-03 20:47:19'),
(86, 'Budry Z 82', '21761', '15kg', NULL, '2026-02-03 20:56:07', '2026-02-03 20:56:07'),
(87, 'Alpha ACS-C-000', '20184', '30kg', NULL, '2026-02-03 20:56:07', '2026-02-03 20:56:07'),
(88, 'Canter KF Ai', '3866', '15kg', '32-6491', '2026-02-03 20:56:07', '2026-02-03 20:56:07'),
(89, 'Hana DR25TS', 'B 3243', '15kg', '32-20453', '2026-02-03 20:56:07', '2026-02-03 20:56:07'),
(90, 'Royal ACS-C-KP4', '2152', '15kg', '32-8119', '2026-02-03 20:56:07', '2026-02-03 20:56:07'),
(91, 'Alpha ACS-C-000', '25028', '30kg', '32-8117', '2026-02-03 20:56:07', '2026-02-03 20:56:07'),
(92, 'Aqua T 30', '722', '30kg', '32-8125', '2026-02-03 20:56:07', '2026-02-03 20:56:07'),
(93, 'Alpha T -01', '10901', '15kg', '32-21164', '2026-02-03 20:56:07', '2026-02-03 20:56:07'),
(94, 'Apex ACS-A', '18695', '15kg', '32-8114', '2026-02-03 20:56:07', '2026-02-03 20:56:07'),
(95, 'Apex ACS-A', '403', '15kg', '32-14711', '2026-02-03 20:56:07', '2026-02-03 20:56:07'),
(96, 'Royal ACS-C-KP2', '9696', '15kg', '32-5020', '2026-02-03 20:56:07', '2026-02-03 20:56:07'),
(97, 'Apex ACS-A', '11659', '15kg', '32-13573', '2026-02-03 20:56:07', '2026-02-03 20:56:07'),
(98, 'Apex ACS-A', '33405', '15kg', '32-21189', '2026-02-03 20:56:07', '2026-02-03 20:56:07'),
(99, 'Alpha T -10', '1710', '15kg', NULL, '2026-02-03 20:56:07', '2026-02-03 20:56:07'),
(100, 'Solid KP-N77-300', '5485', '300kg', '32-17252', '2026-02-03 20:56:07', '2026-02-03 20:56:07'),
(101, 'Sunway KF 268', '11901', '15kg', '32-8157', '2026-02-03 20:56:07', '2026-02-03 20:56:07'),
(102, 'Accura L/CF', '15668', '15kg', '32-6495', '2026-02-03 20:56:07', '2026-02-03 20:56:07'),
(103, 'Sayaki Class iii', 'WT 2010/002/2652', '15kg', '32-2334', '2026-02-03 20:56:07', '2026-02-03 20:56:07'),
(104, 'Budry WP15', '15/190638993', '15kg', '32-18902', '2026-02-03 20:56:07', '2026-02-03 20:56:07'),
(105, 'Aqua ACS-C-KP5', '3875', '15kg', '32-20905', '2026-02-03 20:56:07', '2026-02-03 20:56:07'),
(106, 'Apex ACS-A', '10553', '15kg', '32-16795', '2026-02-03 20:56:07', '2026-02-03 20:56:07'),
(107, 'Royal ACS-C-KP2', '33087', '15kg', NULL, '2026-02-03 20:56:07', '2026-02-03 20:56:07'),
(108, 'Hana DR25TS', '11908', '15kg', '32-5033', '2026-02-03 20:56:07', '2026-02-03 20:56:07'),
(109, 'Cogent PC-15P', '15245', '15kg', '32-14396', '2026-02-03 20:56:07', '2026-02-03 20:56:07'),
(110, 'Royal ACS-C-KP1', '23364', '15kg', NULL, '2026-02-03 20:59:33', '2026-02-03 20:59:33'),
(111, 'Avery Berkel SL 6405', 'B - 3529', '15kg', '32-19891', '2026-02-03 20:59:33', '2026-02-03 20:59:33'),
(112, 'Royal ACS-C-KP2', '2518', '15kg', '32-7654', '2026-02-03 20:59:34', '2026-02-03 20:59:34'),
(113, 'alpha ACS-A9', '366', '15kg', '32-4503', '2026-02-03 20:59:34', '2026-02-03 20:59:34'),
(114, 'Rainbow ACS A', 'RGS 0160', '15kg', '32 13485', '2026-02-03 20:59:34', '2026-02-03 20:59:34'),
(115, 'Camry ACS-K', '9581', '15kg', NULL, '2026-02-03 20:59:34', '2026-02-03 20:59:34'),
(116, 'Tiger', 'R3P08787-6LN', '15kg', '32-1101', '2026-02-03 20:59:34', '2026-02-03 20:59:34'),
(117, 'Alfha Vision ACS-T1', '1727', '15kg', '32-8849', '2026-02-03 20:59:34', '2026-02-03 20:59:34'),
(118, 'Rolex ZP 15B', 'NMB 102', '15kg', '32-3046', '2026-02-03 20:59:34', '2026-02-03 20:59:34'),
(119, 'Alpha T-1', '0087', '15kg', '32-16421', '2026-02-03 20:59:34', '2026-02-03 20:59:34'),
(120, 'Budry WP15', '15/200241462', '15kg', '32-8820', '2026-02-03 20:59:34', '2026-02-03 20:59:34'),
(121, 'Budry ZARGR-15T', '15/6455', '15kg', '32-10819', '2026-02-03 20:59:34', '2026-02-03 20:59:34'),
(122, 'Budry WP15', '15/230551749', '15kg', NULL, '2026-02-03 20:59:34', '2026-02-03 20:59:34'),
(123, 'Sunway ACS-CR3', '430', '15kg', '32-5120', '2026-02-03 20:59:34', '2026-02-03 20:59:34'),
(124, 'Sunway ACS-CR3', '417', '15kg', '32-5119', '2026-02-03 20:59:34', '2026-02-03 20:59:34'),
(125, 'Acom Sl-7', '1701066', '600kg', '32-5121', '2026-02-03 20:59:34', '2026-02-03 20:59:34'),
(126, 'Rainbow ACS-A', '0713', '15kg', '32-19913', '2026-02-03 20:59:34', '2026-02-03 20:59:34'),
(127, 'Unique ACS-A1', '6700', '15kg', NULL, '2026-02-03 20:59:34', '2026-02-03 20:59:34'),
(128, 'Apex ACS A', '33876', '15kg', '32 21060', '2026-02-03 20:59:34', '2026-02-03 20:59:34'),
(129, 'Alfa Vision ACS-T1', '4085', '15kg', '32-21013', '2026-02-03 20:59:34', '2026-02-03 20:59:34'),
(130, 'Royal ACS-C-KP2', '4541', '15kg', '32-12928', '2026-02-03 20:59:34', '2026-02-03 20:59:34'),
(131, 'Accura T 7E', '0319', '300kg', '32-10702', '2026-02-03 20:59:34', '2026-02-03 20:59:34'),
(132, 'Energy PC-1', '687', '15kg', '32-21046', '2026-02-03 20:59:34', '2026-02-03 20:59:34'),
(133, 'Solid KP-N77-60', '1363', '60kg', NULL, '2026-02-03 20:59:34', '2026-02-03 20:59:34'),
(134, 'Sayaki Class iii', 'WT208/002/311', '15kg', '32-14395', '2026-02-03 20:59:34', '2026-02-03 20:59:34'),
(135, 'Budry WP15', '15/171233015', '15kg', NULL, '2026-02-03 20:59:34', '2026-02-03 20:59:34'),
(136, 'Budry WP15', '15/180334118', '15kg', '32-8507', '2026-02-03 20:59:34', '2026-02-03 20:59:34'),
(137, 'Royal ACS-C-KP4', '36606', '15kg', '32-21038', '2026-02-03 20:59:34', '2026-02-03 20:59:34'),
(138, 'Clever ACS-C', '100501093', '15kg', '32-6494', '2026-02-03 20:59:34', '2026-02-03 20:59:34'),
(139, 'Sunway KF 268', '20563', '15kg', '32-5901', '2026-02-03 20:59:34', '2026-02-03 20:59:34'),
(140, 'Aqua T 30', '6334', '30kg', NULL, '2026-02-03 20:59:34', '2026-02-03 20:59:34'),
(141, 'Gold Bell IND 102/W', '17H 2G 252', '150kg', NULL, '2026-02-03 20:59:34', '2026-02-03 20:59:34'),
(142, 'Cogent PC-15P', '15167', '15kg', '32-5549', '2026-02-03 20:59:34', '2026-02-03 20:59:34'),
(143, 'Alfa Vision ACS-T1', '4364', '15kg', '32-14095', '2026-02-03 20:59:34', '2026-02-03 20:59:34'),
(144, 'Camry ACS-K', '5321', '15kg', '32-21427', '2026-02-03 20:59:34', '2026-02-03 20:59:34'),
(145, 'Apex ACS-A', '3840', '15kg', '32-8506', '2026-02-03 20:59:34', '2026-02-03 20:59:34'),
(146, 'Budry WP15', '15/170230984', '15kg', '32-5630', '2026-02-03 20:59:34', '2026-02-03 20:59:34'),
(147, 'Sayaki', 'WT/2008/000/324', '15kg', '32-5528', '2026-02-03 20:59:34', '2026-02-03 20:59:34'),
(148, 'Budry WP15', '15/220952252', '15kg', '32-21302', '2026-02-03 20:59:34', '2026-02-03 20:59:34'),
(149, 'Solid KP-N77-300', '6293', '300kg', '32-22001', '2026-02-03 20:59:34', '2026-02-03 20:59:34'),
(150, 'Royal ACS-KP2', '29927', '15kg', NULL, '2026-02-03 20:59:34', '2026-02-03 20:59:34'),
(151, 'Clever ACS-LM', '101101323', '15kg', '32-5836', '2026-02-03 20:59:34', '2026-02-03 20:59:34'),
(152, 'Budry ZARGR-15T', 'T-15/8635', '15kg', NULL, '2026-02-03 20:59:34', '2026-02-03 20:59:34'),
(153, 'Apex ACS-A', '1072', '15kg', '32-13416', '2026-02-03 20:59:34', '2026-02-03 20:59:34'),
(154, 'ALDA A15P', '0537', '15kg', NULL, '2026-02-03 20:59:34', '2026-02-03 20:59:34'),
(155, 'Apex ACS-A', '10748', '15kg', '32-7796', '2026-02-03 20:59:34', '2026-02-03 20:59:34'),
(156, 'Crystal ACS-C-AAA', '3395', '15kg', '32-5532', '2026-02-03 20:59:34', '2026-02-03 20:59:34'),
(157, 'Butterfly ACS-C1', '14014', '15kg', '32-5890', '2026-02-03 20:59:34', '2026-02-03 20:59:34'),
(158, 'Apex ACS-A', '29778', '15kg', '32-19479', '2026-02-03 20:59:34', '2026-02-03 20:59:34'),
(159, 'Unique ACS-A1', '5212', '15kg', '32-21326', '2026-02-03 21:01:49', '2026-02-03 21:01:49'),
(160, 'Acom JW-1', '1601420', '300g', NULL, '2026-02-03 21:01:49', '2026-02-03 21:01:49'),
(161, 'Bdury mari 300', '197430019', '300g', '32-15777', '2026-02-03 21:01:49', '2026-02-03 21:01:49'),
(162, 'Select GSP+30', '2020941', '30kg', NULL, '2026-02-03 21:01:49', '2026-02-03 21:01:49'),
(163, 'Excell ACS-A', 'ACS-9P0127', '15kg', '32-2469', '2026-02-03 21:01:49', '2026-02-03 21:01:49'),
(164, 'Budry ZAR WP PB15', '4041', '15kg', '32-2601', '2026-02-03 21:01:49', '2026-02-03 21:01:49'),
(165, 'Cristal JW-618', '0540', '15kg', '32-2600', '2026-02-03 21:01:49', '2026-02-03 21:01:49'),
(166, 'Cristal JW-618', '0703', '15kg', '32-14807', '2026-02-03 21:01:49', '2026-02-03 21:01:49'),
(167, 'Excell ACS-A', 'ACS-9P0128', '15kg', '32-15853', '2026-02-03 21:01:49', '2026-02-03 21:01:49'),
(168, 'Budry ZAR GR157', 'T-15/8158', '15kg', '32-21478', '2026-02-03 21:01:49', '2026-02-03 21:01:49'),
(169, 'Meero ACS-GE', 'GE-5848', '15kg', '32-0979', '2026-02-03 21:01:49', '2026-02-03 21:01:49'),
(170, 'Royal ACS-C-KP2', '35318', '15kg', '33-3317', '2026-02-03 21:01:49', '2026-02-03 21:01:49'),
(171, 'Sunway ACS-CR', '8298', '15kg', '32-6872', '2026-02-03 21:01:49', '2026-02-03 21:01:49'),
(172, 'Royal ACS-C-KP2', '4257', '15kg', '32-7460', '2026-02-03 21:01:49', '2026-02-03 21:01:49'),
(173, 'Sunway ACS-CR', '2007-CR1139', '30kg', '32-14810', '2026-02-03 21:01:49', '2026-02-03 21:01:49'),
(174, 'Aqua ACS-C-KP5', '9441', '15kg', '32-6697', '2026-02-03 21:01:49', '2026-02-03 21:01:49'),
(175, 'Aqua T30', '2072', '30kg', '32-6433', '2026-02-03 21:01:49', '2026-02-03 21:01:49'),
(176, 'Excell RW 300', '120907', '300kg', '32-6837', '2026-02-03 21:01:49', '2026-02-03 21:01:49'),
(177, 'Avery LT21', 'A10425125', '300kg', '32-3059', '2026-02-03 21:01:49', '2026-02-03 21:01:49'),
(178, 'Royal ACS-C-KP2', '27031', '15kg', '32-10736', '2026-02-03 21:01:49', '2026-02-03 21:01:49'),
(179, 'Budry mari-300', '2402-3001-20', '300kg', '32-10737', '2026-02-03 21:01:49', '2026-02-03 21:01:49'),
(180, 'Sunway KF 268', '14870', '15kg', '32-21513', '2026-02-03 21:01:49', '2026-02-03 21:01:49'),
(181, 'Canter KF A1', '478', '15kg', NULL, '2026-02-03 21:01:49', '2026-02-03 21:01:49'),
(182, 'Apex ACS-A', '2684', '15kg', '32-9164', '2026-02-03 21:01:49', '2026-02-03 21:01:49'),
(183, 'Hana 640SL', 'B 5599', '15kg', '32-3111', '2026-02-03 21:01:49', '2026-02-03 21:01:49'),
(184, 'alpha TEC', '0127', '15kg', '32-18424', '2026-02-03 21:01:49', '2026-02-03 21:01:49');

--
-- Indexes for dumped tables
--

--
-- Indexes for table `battery_grn`
--
ALTER TABLE `battery_grn`
  ADD PRIMARY KEY (`id`);

--
-- Indexes for table `battery_sales`
--
ALTER TABLE `battery_sales`
  ADD PRIMARY KEY (`id`);

--
-- Indexes for table `cash_book`
--
ALTER TABLE `cash_book`
  ADD PRIMARY KEY (`id`),
  ADD KEY `idx_cash_date` (`transaction_date`);

--
-- Indexes for table `customers`
--
ALTER TABLE `customers`
  ADD PRIMARY KEY (`id`),
  ADD KEY `idx_customers_tel` (`tel`),
  ADD KEY `idx_customers_location` (`location`);

--
-- Indexes for table `licenses`
--
ALTER TABLE `licenses`
  ADD PRIMARY KEY (`id`),
  ADD UNIQUE KEY `uniq_licenses_scale_id` (`scale_id`),
  ADD KEY `idx_licenses_expiry_date` (`expiry_date`),
  ADD KEY `fk_licenses_customer` (`customer_id`);

--
-- Indexes for table `license_renewals`
--
ALTER TABLE `license_renewals`
  ADD PRIMARY KEY (`id`),
  ADD KEY `idx_renewals_license_id` (`license_id`),
  ADD KEY `idx_renewals_renewal_date` (`renewal_date`);

--
-- Indexes for table `sales`
--
ALTER TABLE `sales`
  ADD PRIMARY KEY (`id`),
  ADD KEY `idx_sales_customer` (`customer_id`),
  ADD KEY `idx_sales_scale` (`scale_id`),
  ADD KEY `idx_sales_date` (`sale_date`);

--
-- Indexes for table `scales`
--
ALTER TABLE `scales`
  ADD PRIMARY KEY (`id`),
  ADD KEY `idx_scales_serial_no` (`serial_no`);

--
-- AUTO_INCREMENT for dumped tables
--

--
-- AUTO_INCREMENT for table `battery_grn`
--
ALTER TABLE `battery_grn`
  MODIFY `id` int(10) UNSIGNED NOT NULL AUTO_INCREMENT;

--
-- AUTO_INCREMENT for table `battery_sales`
--
ALTER TABLE `battery_sales`
  MODIFY `id` int(10) UNSIGNED NOT NULL AUTO_INCREMENT;

--
-- AUTO_INCREMENT for table `cash_book`
--
ALTER TABLE `cash_book`
  MODIFY `id` int(10) UNSIGNED NOT NULL AUTO_INCREMENT;

--
-- AUTO_INCREMENT for table `customers`
--
ALTER TABLE `customers`
  MODIFY `id` int(10) UNSIGNED NOT NULL AUTO_INCREMENT, AUTO_INCREMENT=148;

--
-- AUTO_INCREMENT for table `licenses`
--
ALTER TABLE `licenses`
  MODIFY `id` int(10) UNSIGNED NOT NULL AUTO_INCREMENT, AUTO_INCREMENT=185;

--
-- AUTO_INCREMENT for table `license_renewals`
--
ALTER TABLE `license_renewals`
  MODIFY `id` int(10) UNSIGNED NOT NULL AUTO_INCREMENT;

--
-- AUTO_INCREMENT for table `sales`
--
ALTER TABLE `sales`
  MODIFY `id` int(10) UNSIGNED NOT NULL AUTO_INCREMENT, AUTO_INCREMENT=7;

--
-- AUTO_INCREMENT for table `scales`
--
ALTER TABLE `scales`
  MODIFY `id` int(10) UNSIGNED NOT NULL AUTO_INCREMENT, AUTO_INCREMENT=185;

--
-- Constraints for dumped tables
--

--
-- Constraints for table `licenses`
--
ALTER TABLE `licenses`
  ADD CONSTRAINT `fk_licenses_customer` FOREIGN KEY (`customer_id`) REFERENCES `customers` (`id`) ON UPDATE CASCADE,
  ADD CONSTRAINT `fk_licenses_scale` FOREIGN KEY (`scale_id`) REFERENCES `scales` (`id`) ON DELETE CASCADE ON UPDATE CASCADE;

--
-- Constraints for table `license_renewals`
--
ALTER TABLE `license_renewals`
  ADD CONSTRAINT `fk_renewals_license` FOREIGN KEY (`license_id`) REFERENCES `licenses` (`id`) ON DELETE CASCADE ON UPDATE CASCADE;

--
-- Constraints for table `sales`
--
ALTER TABLE `sales`
  ADD CONSTRAINT `fk_sales_customer` FOREIGN KEY (`customer_id`) REFERENCES `customers` (`id`) ON UPDATE CASCADE,
  ADD CONSTRAINT `fk_sales_scale` FOREIGN KEY (`scale_id`) REFERENCES `scales` (`id`) ON UPDATE CASCADE;
COMMIT;

/*!40101 SET CHARACTER_SET_CLIENT=@OLD_CHARACTER_SET_CLIENT */;
/*!40101 SET CHARACTER_SET_RESULTS=@OLD_CHARACTER_SET_RESULTS */;
/*!40101 SET COLLATION_CONNECTION=@OLD_COLLATION_CONNECTION */;
